-- ============================================================================
-- Contoso Retail Analytics — Seed Data
-- ============================================================================
-- Compatible with Microsoft Fabric Warehouse and SQL Server 2019+.
-- Run this after schemas/schema.sql to populate the dimensional model.
-- ============================================================================

-- ============================================================================
-- DimDate (20 rows — key dates across 2023-2024)
-- ============================================================================
INSERT INTO DimDate (DateKey, FullDate, DayOfWeek, DayName, DayOfMonth, DayOfYear, WeekOfYear, MonthNumber, MonthName, Quarter, QuarterName, Year, IsWeekend, IsHoliday, FiscalMonth, FiscalQuarter, FiscalYear)
VALUES
(20230101, '2023-01-01', 1, 'Sunday',    1,   1,  1,  1, 'January',   1, 'Q1', 2023, 1, 1, 7, 3, 2023),
(20230115, '2023-01-15', 1, 'Sunday',   15,  15,  3,  1, 'January',   1, 'Q1', 2023, 1, 0, 7, 3, 2023),
(20230214, '2023-02-14', 3, 'Tuesday',  14,  45,  7,  2, 'February',  1, 'Q1', 2023, 0, 0, 8, 3, 2023),
(20230317, '2023-03-17', 6, 'Friday',   17,  76, 11,  3, 'March',     1, 'Q1', 2023, 0, 0, 9, 3, 2023),
(20230401, '2023-04-01', 7, 'Saturday',  1,  91, 13,  4, 'April',     2, 'Q2', 2023, 1, 0, 10, 4, 2023),
(20230504, '2023-05-04', 5, 'Thursday',  4, 124, 18,  5, 'May',       2, 'Q2', 2023, 0, 0, 11, 4, 2023),
(20230621, '2023-06-21', 4, 'Wednesday',21, 172, 25,  6, 'June',      2, 'Q2', 2023, 0, 0, 12, 4, 2023),
(20230704, '2023-07-04', 3, 'Tuesday',   4, 185, 27,  7, 'July',      3, 'Q3', 2023, 0, 1, 1, 1, 2024),
(20230815, '2023-08-15', 3, 'Tuesday',  15, 227, 33,  8, 'August',    3, 'Q3', 2023, 0, 0, 2, 1, 2024),
(20230930, '2023-09-30', 7, 'Saturday', 30, 273, 39,  9, 'September', 3, 'Q3', 2023, 1, 0, 3, 1, 2024),
(20231015, '2023-10-15', 1, 'Sunday',   15, 288, 42, 10, 'October',   4, 'Q4', 2023, 1, 0, 4, 2, 2024),
(20231124, '2023-11-24', 6, 'Friday',   24, 328, 47, 11, 'November',  4, 'Q4', 2023, 0, 1, 5, 2, 2024),
(20231225, '2023-12-25', 2, 'Monday',   25, 359, 52, 12, 'December',  4, 'Q4', 2023, 0, 1, 6, 2, 2024),
(20240101, '2024-01-01', 2, 'Monday',    1,   1,  1,  1, 'January',   1, 'Q1', 2024, 0, 1, 7, 3, 2024),
(20240215, '2024-02-15', 5, 'Thursday', 15,  46,  7,  2, 'February',  1, 'Q1', 2024, 0, 0, 8, 3, 2024),
(20240320, '2024-03-20', 4, 'Wednesday',20,  80, 12,  3, 'March',     1, 'Q1', 2024, 0, 0, 9, 3, 2024),
(20240415, '2024-04-15', 2, 'Monday',   15, 106, 16,  4, 'April',     2, 'Q2', 2024, 0, 0, 10, 4, 2024),
(20240601, '2024-06-01', 7, 'Saturday',  1, 153, 22,  6, 'June',      2, 'Q2', 2024, 1, 0, 12, 4, 2024),
(20240704, '2024-07-04', 5, 'Thursday',  4, 186, 27,  7, 'July',      3, 'Q3', 2024, 0, 1, 1, 1, 2025),
(20240901, '2024-09-01', 1, 'Sunday',    1, 245, 36,  9, 'September', 3, 'Q3', 2024, 1, 0, 3, 1, 2025);

-- ============================================================================
-- DimCustomer (20 rows)
-- ============================================================================
INSERT INTO DimCustomer (CustomerKey, CustomerID, FirstName, LastName, Email, Phone, Gender, BirthDate, City, StateProvince, Country, PostalCode, MembershipTier, AccountCreatedDate, IsActive)
VALUES
(1,  'CUST-001', 'Olivia',   'Martinez', 'olivia.martinez@email.com',  '206-555-0101', 'Female',     '1988-03-12', 'Seattle',       'Washington',    'United States', '98101', 'Gold',     '2020-06-15', 1),
(2,  'CUST-002', 'Liam',     'Johnson',  'liam.johnson@email.com',     '312-555-0102', 'Male',       '1992-07-24', 'Chicago',       'Illinois',      'United States', '60601', 'Silver',   '2021-01-10', 1),
(3,  'CUST-003', 'Emma',     'Williams', 'emma.williams@email.com',    '415-555-0103', 'Female',     '1985-11-05', 'San Francisco', 'California',    'United States', '94102', 'Platinum', '2019-03-22', 1),
(4,  'CUST-004', 'Noah',     'Brown',    'noah.brown@email.com',       '646-555-0104', 'Male',       '1995-01-30', 'New York',      'New York',      'United States', '10001', 'Bronze',   '2022-08-05', 1),
(5,  'CUST-005', 'Ava',      'Garcia',   'ava.garcia@email.com',       '713-555-0105', 'Female',     '1990-09-18', 'Houston',       'Texas',         'United States', '77001', 'Gold',     '2020-11-20', 1),
(6,  'CUST-006', 'Ethan',    'Davis',    'ethan.davis@email.com',      '602-555-0106', 'Male',       '1987-05-09', 'Phoenix',       'Arizona',       'United States', '85001', 'Silver',   '2021-04-14', 1),
(7,  'CUST-007', 'Sophia',   'Rodriguez','sophia.rodriguez@email.com', '305-555-0107', 'Female',     '1993-12-22', 'Miami',         'Florida',       'United States', '33101', 'Gold',     '2020-02-28', 1),
(8,  'CUST-008', 'Mason',    'Wilson',   'mason.wilson@email.com',     '503-555-0108', 'Male',       '1991-08-03', 'Portland',      'Oregon',        'United States', '97201', 'Bronze',   '2022-12-01', 1),
(9,  'CUST-009', 'Isabella', 'Lee',      'isabella.lee@email.com',     '404-555-0109', 'Female',     '1989-04-17', 'Atlanta',       'Georgia',       'United States', '30301', 'Silver',   '2021-07-19', 1),
(10, 'CUST-010', 'James',    'Chen',     'james.chen@email.com',       '617-555-0110', 'Male',       '1994-10-06', 'Boston',        'Massachusetts', 'United States', '02101', 'Platinum', '2019-09-08', 1),
(11, 'CUST-011', 'Mia',      'Thompson', 'mia.thompson@email.com',     '303-555-0111', 'Female',     '1996-06-25', 'Denver',        'Colorado',      'United States', '80201', 'Bronze',   '2023-01-15', 1),
(12, 'CUST-012', 'Benjamin', 'White',    'benjamin.white@email.com',   '615-555-0112', 'Male',       '1984-02-14', 'Nashville',     'Tennessee',     'United States', '37201', 'Gold',     '2020-05-30', 1),
(13, 'CUST-013', 'Charlotte','Harris',   'charlotte.harris@email.com', '512-555-0113', 'Female',     '1998-08-08', 'Austin',        'Texas',         'United States', '73301', 'Silver',   '2021-11-11', 1),
(14, 'CUST-014', 'Lucas',    'Clark',    NULL,                          '702-555-0114', 'Male',       '1986-03-29', 'Las Vegas',     'Nevada',        'United States', '89101', 'Bronze',   '2022-03-20', 0),
(15, 'CUST-015', 'Amelia',   'Lewis',    'amelia.lewis@email.com',     '919-555-0115', 'Female',     '1992-11-15', 'Raleigh',       'North Carolina','United States', '27601', 'Gold',     '2020-09-01', 1),
(16, 'CUST-016', 'Alexander','Walker',   'alex.walker@email.com',      '416-555-0116', 'Male',       '1990-07-20', 'Toronto',       'Ontario',       'Canada',        'M5H2N2','Silver',   '2021-06-08', 1),
(17, 'CUST-017', 'Harper',   'Hall',     'harper.hall@email.com',      '604-555-0117', 'Non-Binary', '1997-01-11', 'Vancouver',     'British Columbia','Canada',       'V6B1A1','Bronze',   '2023-02-14', 1),
(18, 'CUST-018', 'Daniel',   'Young',    'daniel.young@email.com',     '020-555-0118', 'Male',       '1983-09-02', 'London',        'England',       'United Kingdom','EC1A1BB','Platinum','2019-01-05', 1),
(19, 'CUST-019', 'Evelyn',   'King',     'evelyn.king@email.com',      '089-555-0119', 'Female',     '1991-05-27', 'Munich',        'Bavaria',       'Germany',       '80331', 'Gold',     '2020-04-18', 1),
(20, 'CUST-020', 'Sebastian','Wright',   'seb.wright@email.com',       '612-555-0120', 'Male',       '1999-12-31', 'Minneapolis',   'Minnesota',     'United States', '55401', 'Bronze',   '2023-06-22', 1);

-- ============================================================================
-- DimProduct (20 rows)
-- ============================================================================
INSERT INTO DimProduct (ProductKey, ProductID, ProductName, Category, Subcategory, Brand, UnitCost, UnitPrice, Weight, Color, Size, IsDiscontinued, LaunchDate)
VALUES
(1,  'SKU-1001', 'ProBook Laptop 15',          'Electronics',     'Laptops',          'Contoso',      650.00,  999.99,  1.80, 'Silver',   '15-inch', 0, '2022-06-01'),
(2,  'SKU-1002', 'ProBook Laptop 13',          'Electronics',     'Laptops',          'Contoso',      580.00,  899.99,  1.35, 'Space Gray','13-inch', 0, '2022-06-01'),
(3,  'SKU-1003', 'UltraSound Wireless Earbuds','Electronics',     'Audio',            'SoundWave',     28.00,   79.99,  0.05, 'Black',    NULL,      0, '2023-01-15'),
(4,  'SKU-1004', '4K Smart Monitor 27"',       'Electronics',     'Monitors',         'VisionTech',   220.00,  449.99,  5.20, 'Black',    '27-inch', 0, '2022-09-10'),
(5,  'SKU-1005', 'Ergonomic Wireless Mouse',   'Electronics',     'Accessories',      'Contoso',       12.00,   34.99,  0.10, 'White',    NULL,      0, '2023-03-01'),
(6,  'SKU-2001', 'Classic Fit Oxford Shirt',   'Clothing',        'Shirts',           'UrbanThread',   15.00,   49.99,  0.25, 'Blue',     'M',       0, '2022-08-15'),
(7,  'SKU-2002', 'Slim Fit Chinos',            'Clothing',        'Pants',            'UrbanThread',   18.00,   59.99,  0.40, 'Khaki',    'L',       0, '2022-08-15'),
(8,  'SKU-2003', 'Waterproof Trail Jacket',    'Clothing',        'Outerwear',        'PeakGear',      45.00,  129.99,  0.60, 'Red',      'M',       0, '2023-02-01'),
(9,  'SKU-2004', 'Performance Running Shoes',  'Footwear',        'Athletic Shoes',   'SwiftStep',     38.00,   99.99,  0.30, 'Neon Green','10',     0, '2023-04-20'),
(10, 'SKU-2005', 'Canvas Sneakers',            'Footwear',        'Casual Shoes',     'SwiftStep',     14.00,   44.99,  0.35, 'White',    '9',       0, '2022-05-10'),
(11, 'SKU-3001', 'Stainless Steel Water Bottle','Home & Kitchen', 'Drinkware',        'EcoLife',        6.00,   24.99,  0.45, 'Silver',   '750ml',   0, '2022-11-01'),
(12, 'SKU-3002', 'Non-Stick Cookware Set',     'Home & Kitchen',  'Cookware',         'ChefPro',       55.00,  149.99,  8.50, 'Black',    NULL,      0, '2022-04-15'),
(13, 'SKU-3003', 'Smart Home Speaker',         'Electronics',     'Smart Home',       'VisionTech',    35.00,   89.99,  0.80, 'Charcoal', NULL,      0, '2023-05-01'),
(14, 'SKU-3004', 'Organic Coffee Beans 1kg',   'Grocery',         'Beverages',        'MountainBrew',   8.50,   18.99,  1.00, NULL,       '1kg',     0, '2022-01-10'),
(15, 'SKU-3005', 'Yoga Mat Premium',           'Sports',          'Fitness Equipment','FlexFit',       10.00,   39.99,  1.20, 'Purple',   NULL,      0, '2023-01-20'),
(16, 'SKU-4001', 'Wireless Charging Pad',      'Electronics',     'Accessories',      'Contoso',        8.00,   29.99,  0.15, 'Black',    NULL,      0, '2023-06-01'),
(17, 'SKU-4002', 'Bluetooth Keyboard',         'Electronics',     'Accessories',      'Contoso',       22.00,   59.99,  0.55, 'White',    NULL,      0, '2022-10-15'),
(18, 'SKU-4003', 'UV Protection Sunglasses',   'Accessories',     'Eyewear',          'ClearVue',      12.00,   45.99,  0.04, 'Tortoise', NULL,      0, '2023-03-15'),
(19, 'SKU-4004', 'Leather Messenger Bag',      'Accessories',     'Bags',             'UrbanThread',   35.00,   89.99,  1.10, 'Brown',    NULL,      0, '2022-07-20'),
(20, 'SKU-4005', 'Fitness Tracker Band',       'Electronics',     'Wearables',        'SwiftStep',     25.00,   69.99,  0.03, 'Black',    NULL,      1, '2021-09-01');

-- ============================================================================
-- DimStore (12 rows)
-- ============================================================================
INSERT INTO DimStore (StoreKey, StoreID, StoreName, StoreType, City, StateProvince, Country, PostalCode, Region, SquareFootage, OpenDate, ManagerName, IsActive)
VALUES
(1,  'STR-001', 'Seattle Flagship',        'Retail',  'Seattle',       'Washington',     'United States', '98101', 'West',    25000, '2018-03-15', 'Rachel Torres',   1),
(2,  'STR-002', 'Chicago Downtown',        'Retail',  'Chicago',       'Illinois',       'United States', '60601', 'Central', 18000, '2019-06-01', 'Michael Park',    1),
(3,  'STR-003', 'NYC Times Square',        'Retail',  'New York',      'New York',       'United States', '10036', 'East',    30000, '2017-11-20', 'Jennifer Adams',  1),
(4,  'STR-004', 'Houston Galleria',        'Retail',  'Houston',       'Texas',          'United States', '77056', 'South',   20000, '2020-01-10', 'David Nguyen',    1),
(5,  'STR-005', 'Phoenix Outlet',          'Outlet',  'Phoenix',       'Arizona',        'United States', '85004', 'West',    15000, '2020-09-01', 'Sarah Mitchell',  1),
(6,  'STR-006', 'Orlando Outlet',          'Outlet',  'Orlando',       'Florida',        'United States', '32801', 'East',    14000, '2021-03-15', 'Kevin Brown',     1),
(7,  'STR-007', 'Denver Tech Center',      'Retail',  'Denver',        'Colorado',       'United States', '80237', 'West',    16000, '2021-07-01', 'Amanda Liu',      1),
(8,  'STR-008', 'Toronto Eaton Centre',    'Retail',  'Toronto',       'Ontario',        'Canada',        'M5B2H1','North',   22000, '2019-10-15', 'James Patel',     1),
(9,  'STR-009', 'Vancouver Pacific Mall',  'Retail',  'Vancouver',     'British Columbia','Canada',       'V5X0C4','North',   17000, '2020-05-20', 'Lisa Wong',       1),
(10, 'STR-010', 'Online Store US',         'Online',  'Redmond',       'Washington',     'United States', '98052', 'Online',  NULL,  '2017-01-01', 'Chris Anderson',  1),
(11, 'STR-011', 'Online Store Canada',     'Online',  'Toronto',       'Ontario',        'Canada',        'M5H2N2','Online',  NULL,  '2019-01-01', 'Emily Martin',    1),
(12, 'STR-012', 'Atlanta Midtown',         'Retail',  'Atlanta',       'Georgia',        'United States', '30308', 'East',    19000, '2022-02-01', 'Robert Kim',      1);

-- ============================================================================
-- DimPromotion (10 rows — PromotionKey 0 = No Promotion)
-- ============================================================================
INSERT INTO DimPromotion (PromotionKey, PromotionID, PromotionName, PromotionType, DiscountPercent, StartDate, EndDate, IsActive)
VALUES
(0,  'PROMO-000', 'No Promotion',              'None',      0.00, '2000-01-01', '2099-12-31', 1),
(1,  'PROMO-001', 'New Year Sale',             'Discount',  15.00, '2023-01-01', '2023-01-15', 0),
(2,  'PROMO-002', 'Valentines Day Special',    'Discount',  10.00, '2023-02-10', '2023-02-14', 0),
(3,  'PROMO-003', 'Spring Clearance',          'Clearance', 30.00, '2023-03-15', '2023-04-01', 0),
(4,  'PROMO-004', 'Summer BOGO',               'BOGO',      50.00, '2023-06-15', '2023-07-04', 0),
(5,  'PROMO-005', 'Back to School Bundle',     'Bundle',    20.00, '2023-08-01', '2023-08-31', 0),
(6,  'PROMO-006', 'Black Friday Blowout',      'Discount',  40.00, '2023-11-24', '2023-11-27', 0),
(7,  'PROMO-007', 'Holiday Season Sale',       'Discount',  25.00, '2023-12-15', '2023-12-31', 0),
(8,  'PROMO-008', 'New Year 2024 Kickoff',     'Discount',  15.00, '2024-01-01', '2024-01-15', 0),
(9,  'PROMO-009', 'Spring 2024 Preview',       'Bundle',    10.00, '2024-03-10', '2024-03-31', 1);

-- ============================================================================
-- FactSales (50 rows)
-- ============================================================================
INSERT INTO FactSales (SalesKey, OrderID, LineItemNumber, DateKey, CustomerKey, ProductKey, StoreKey, PromotionKey, Quantity, UnitPrice, UnitCost, DiscountAmount, SalesAmount, CostAmount, ProfitAmount, OrderDate, ShipDate, DeliveryDate, OrderStatus, PaymentMethod, CreatedAt)
VALUES
(1,  'ORD-10001', 1, 20230101, 1,  1,  1,  1, 1, 999.99, 650.00, 150.00, 849.99, 650.00, 199.99, '2023-01-01', '2023-01-03', '2023-01-06', 'Completed', 'Credit Card', '2023-01-01T10:15:30.000'),
(2,  'ORD-10001', 2, 20230101, 1,  5,  1,  1, 2,  34.99,  12.00,   5.25,  64.73,  24.00,  40.73, '2023-01-01', '2023-01-03', '2023-01-06', 'Completed', 'Credit Card', '2023-01-01T10:15:30.000'),
(3,  'ORD-10002', 1, 20230101, 3,  3, 10,  1, 1, 79.99,  28.00,  12.00,  67.99,  28.00,  39.99, '2023-01-01', '2023-01-02', '2023-01-05', 'Completed', 'Online',      '2023-01-01T14:22:10.000'),
(4,  'ORD-10003', 1, 20230115, 5,  6,  4,  0, 3, 49.99,  15.00,   0.00, 149.97,  45.00, 104.97, '2023-01-15', '2023-01-17', '2023-01-20', 'Completed', 'Credit Card', '2023-01-15T09:05:45.000'),
(5,  'ORD-10003', 2, 20230115, 5,  7,  4,  0, 2, 59.99,  18.00,   0.00, 119.98,  36.00,  83.98, '2023-01-15', '2023-01-17', '2023-01-20', 'Completed', 'Credit Card', '2023-01-15T09:05:45.000'),
(6,  'ORD-10004', 1, 20230214, 7,  3,  6,  2, 2, 79.99,  28.00,   8.00, 151.98,  56.00,  95.98, '2023-02-14', '2023-02-15', '2023-02-18', 'Completed', 'Credit Card', '2023-02-14T11:30:00.000'),
(7,  'ORD-10005', 1, 20230214, 2, 11,  2,  2, 4, 24.99,   6.00,   2.50,  97.46,  24.00,  73.46, '2023-02-14', '2023-02-16', '2023-02-19', 'Completed', 'Debit',       '2023-02-14T15:45:20.000'),
(8,  'ORD-10006', 1, 20230317, 4, 14,  3,  0, 5, 18.99,   8.50,   0.00,  94.95,  42.50,  52.45, '2023-03-17', '2023-03-18', '2023-03-22', 'Completed', 'Cash',        '2023-03-17T08:10:05.000'),
(9,  'ORD-10007', 1, 20230317, 10, 8,  3,  3, 1, 129.99, 45.00,  39.00,  90.99,  45.00,  45.99, '2023-03-17', '2023-03-20', '2023-03-24', 'Completed', 'Credit Card', '2023-03-17T12:00:00.000'),
(10, 'ORD-10008', 1, 20230401, 6,  9,  5,  0, 2, 99.99,  38.00,   0.00, 199.98,  76.00, 123.98, '2023-04-01', '2023-04-03', '2023-04-06', 'Completed', 'Debit',       '2023-04-01T10:20:15.000'),
(11, 'ORD-10009', 1, 20230401, 8, 15,  7,  0, 1, 39.99,  10.00,   0.00,  39.99,  10.00,  29.99, '2023-04-01', '2023-04-02', '2023-04-05', 'Completed', 'Online',      '2023-04-01T16:35:40.000'),
(12, 'ORD-10010', 1, 20230504, 12, 4, 10,  0, 1, 449.99, 220.00,  0.00, 449.99, 220.00, 229.99, '2023-05-04', '2023-05-06', '2023-05-10', 'Completed', 'Credit Card', '2023-05-04T09:50:22.000'),
(13, 'ORD-10011', 1, 20230504, 9,  6, 12,  0, 1, 49.99,  15.00,   0.00,  49.99,  15.00,  34.99, '2023-05-04', '2023-05-05', '2023-05-08', 'Completed', 'Cash',        '2023-05-04T13:15:30.000'),
(14, 'ORD-10012', 1, 20230621, 3, 13, 10,  4, 1, 89.99,  35.00,  45.00,  44.99,  35.00,   9.99, '2023-06-21', '2023-06-22', '2023-06-25', 'Completed', 'Online',      '2023-06-21T11:05:18.000'),
(15, 'ORD-10012', 2, 20230621, 3, 16, 10,  4, 3, 29.99,   8.00,  15.00,  74.97,  24.00,  50.97, '2023-06-21', '2023-06-22', '2023-06-25', 'Completed', 'Online',      '2023-06-21T11:05:18.000'),
(16, 'ORD-10013', 1, 20230704, 11, 1,  1,  0, 1, 999.99, 650.00,  0.00, 999.99, 650.00, 349.99, '2023-07-04', '2023-07-06', '2023-07-10', 'Completed', 'Credit Card', '2023-07-04T10:00:00.000'),
(17, 'ORD-10014', 1, 20230704, 15, 3, 10,  0, 2, 79.99,  28.00,   0.00, 159.98,  56.00, 103.98, '2023-07-04', '2023-07-05', '2023-07-08', 'Completed', 'Online',      '2023-07-04T14:20:35.000'),
(18, 'ORD-10015', 1, 20230815, 16, 2,  8,  5, 1, 899.99, 580.00, 180.00, 719.99, 580.00, 139.99, '2023-08-15', '2023-08-17', '2023-08-22', 'Completed', 'Credit Card', '2023-08-15T09:30:00.000'),
(19, 'ORD-10015', 2, 20230815, 16, 17, 8,  5, 1, 59.99,  22.00,  12.00,  47.99,  22.00,  25.99, '2023-08-15', '2023-08-17', '2023-08-22', 'Completed', 'Credit Card', '2023-08-15T09:30:00.000'),
(20, 'ORD-10016', 1, 20230815, 13, 9,  4,  5, 1, 99.99,  38.00,  20.00,  79.99,  38.00,  41.99, '2023-08-15', '2023-08-16', '2023-08-19', 'Completed', 'Debit',       '2023-08-15T15:10:42.000'),
(21, 'ORD-10017', 1, 20230930, 18, 12, 10, 0, 1, 149.99, 55.00,   0.00, 149.99,  55.00,  94.99, '2023-09-30', '2023-10-02', '2023-10-07', 'Completed', 'Online',      '2023-09-30T08:45:10.000'),
(22, 'ORD-10018', 1, 20230930, 4, 10,  3,  0, 2, 44.99,  14.00,   0.00,  89.98,  28.00,  61.98, '2023-09-30', '2023-10-01', '2023-10-04', 'Completed', 'Cash',        '2023-09-30T12:30:55.000'),
(23, 'ORD-10019', 1, 20231015, 19, 18, 10, 0, 1, 45.99,  12.00,   0.00,  45.99,  12.00,  33.99, '2023-10-15', '2023-10-16', '2023-10-20', 'Completed', 'Online',      '2023-10-15T10:05:30.000'),
(24, 'ORD-10020', 1, 20231015, 7, 19,  6,  0, 1, 89.99,  35.00,   0.00,  89.99,  35.00,  54.99, '2023-10-15', '2023-10-16', '2023-10-19', 'Completed', 'Debit',       '2023-10-15T14:20:00.000'),
(25, 'ORD-10021', 1, 20231124, 1,  1,  1,  6, 1, 999.99, 650.00, 400.00, 599.99, 650.00, -50.01, '2023-11-24', '2023-11-25', '2023-11-29', 'Completed', 'Credit Card', '2023-11-24T06:00:15.000'),
(26, 'ORD-10021', 2, 20231124, 1,  4,  1,  6, 1, 449.99, 220.00, 180.00, 269.99, 220.00,  49.99, '2023-11-24', '2023-11-25', '2023-11-29', 'Completed', 'Credit Card', '2023-11-24T06:00:15.000'),
(27, 'ORD-10022', 1, 20231124, 2,  3, 10,  6, 3, 79.99,  28.00,  32.00, 207.97,  84.00, 123.97, '2023-11-24', '2023-11-25', '2023-11-28', 'Completed', 'Online',      '2023-11-24T08:30:00.000'),
(28, 'ORD-10023', 1, 20231124, 5,  8,  4,  6, 1, 129.99, 45.00,  52.00,  77.99,  45.00,  32.99, '2023-11-24', '2023-11-26', '2023-11-30', 'Completed', 'Credit Card', '2023-11-24T10:45:22.000'),
(29, 'ORD-10024', 1, 20231124, 10, 2, 10,  6, 1, 899.99, 580.00, 360.00, 539.99, 580.00, -40.01, '2023-11-24', '2023-11-25', '2023-11-29', 'Completed', 'Online',      '2023-11-24T12:15:00.000'),
(30, 'ORD-10025', 1, 20231225, 20, 14, 7,  7, 5, 18.99,   8.50,   4.75,  90.20,  42.50,  47.70, '2023-12-25', '2023-12-27', '2023-12-31', 'Completed', 'Cash',        '2023-12-25T09:00:00.000'),
(31, 'ORD-10025', 2, 20231225, 20, 11, 7,  7, 3, 24.99,   6.00,   6.25,  68.72,  18.00,  50.72, '2023-12-25', '2023-12-27', '2023-12-31', 'Completed', 'Cash',        '2023-12-25T09:00:00.000'),
(32, 'ORD-10026', 1, 20231225, 17, 13, 9,  7, 1, 89.99,  35.00,  22.50,  67.49,  35.00,  32.49, '2023-12-25', '2023-12-26', '2023-12-30', 'Completed', 'Online',      '2023-12-25T15:30:10.000'),
(33, 'ORD-10027', 1, 20240101, 6, 15,  5,  8, 2, 39.99,  10.00,   6.00,  73.98,  20.00,  53.98, '2024-01-01', '2024-01-03', '2024-01-06', 'Completed', 'Debit',       '2024-01-01T11:10:05.000'),
(34, 'ORD-10028', 1, 20240101, 12, 1, 10,  8, 1, 999.99, 650.00, 150.00, 849.99, 650.00, 199.99, '2024-01-01', '2024-01-03', '2024-01-08', 'Completed', 'Online',      '2024-01-01T13:00:00.000'),
(35, 'ORD-10029', 1, 20240215, 9, 16, 12,  0, 1, 29.99,   8.00,   0.00,  29.99,   8.00,  21.99, '2024-02-15', '2024-02-16', '2024-02-20', 'Completed', 'Credit Card', '2024-02-15T10:25:30.000'),
(36, 'ORD-10030', 1, 20240215, 14, 6,  5,  0, 4, 49.99,  15.00,   0.00, 199.96,  60.00, 139.96, '2024-02-15', '2024-02-17', '2024-02-21', 'Completed', 'Cash',        '2024-02-15T14:40:00.000'),
(37, 'ORD-10031', 1, 20240320, 3,  4, 10,  9, 1, 449.99, 220.00,  45.00, 404.99, 220.00, 184.99, '2024-03-20', '2024-03-22', '2024-03-26', 'Completed', 'Online',      '2024-03-20T09:15:45.000'),
(38, 'ORD-10031', 2, 20240320, 3, 17, 10,  9, 1, 59.99,  22.00,   6.00,  53.99,  22.00,  31.99, '2024-03-20', '2024-03-22', '2024-03-26', 'Completed', 'Online',      '2024-03-20T09:15:45.000'),
(39, 'ORD-10032', 1, 20240320, 8,  9,  7,  9, 1, 99.99,  38.00,  10.00,  89.99,  38.00,  51.99, '2024-03-20', '2024-03-21', '2024-03-25', 'Completed', 'Debit',       '2024-03-20T11:50:20.000'),
(40, 'ORD-10033', 1, 20240415, 15, 12, 10, 0, 1, 149.99, 55.00,   0.00, 149.99,  55.00,  94.99, '2024-04-15', '2024-04-17', '2024-04-22', 'Completed', 'Online',      '2024-04-15T08:30:00.000'),
(41, 'ORD-10034', 1, 20240415, 2,  7,  2,  0, 2, 59.99,  18.00,   0.00, 119.98,  36.00,  83.98, '2024-04-15', '2024-04-16', '2024-04-19', 'Completed', 'Credit Card', '2024-04-15T12:05:15.000'),
(42, 'ORD-10035', 1, 20240601, 11, 3,  1,  0, 1, 79.99,  28.00,   0.00,  79.99,  28.00,  51.99, '2024-06-01', '2024-06-03', '2024-06-07', 'Shipped',   'Credit Card', '2024-06-01T10:30:00.000'),
(43, 'ORD-10036', 1, 20240601, 19, 1, 10,  0, 1, 999.99, 650.00,  0.00, 999.99, 650.00, 349.99, '2024-06-01', '2024-06-02', '2024-06-06', 'Completed', 'Online',      '2024-06-01T14:15:25.000'),
(44, 'ORD-10037', 1, 20240601, 7,  8,  6,  0, 2, 129.99, 45.00,   0.00, 259.98,  90.00, 169.98, '2024-06-01', '2024-06-03', NULL,         'Shipped',   'Credit Card', '2024-06-01T16:45:00.000'),
(45, 'ORD-10038', 1, 20240704, 13, 5,  4,  0, 5, 34.99,  12.00,   0.00, 174.95,  60.00, 114.95, '2024-07-04', '2024-07-05', '2024-07-09', 'Completed', 'Cash',        '2024-07-04T09:20:30.000'),
(46, 'ORD-10039', 1, 20240704, 18, 2, 10,  0, 1, 899.99, 580.00,  0.00, 899.99, 580.00, 319.99, '2024-07-04', '2024-07-06', '2024-07-11', 'Completed', 'Online',      '2024-07-04T11:00:00.000'),
(47, 'ORD-10040', 1, 20240704, 4, 14,  3,  0, 10, 18.99,  8.50,   0.00, 189.90,  85.00, 104.90, '2024-07-04', '2024-07-05', '2024-07-08', 'Completed', 'Cash',        '2024-07-04T15:30:45.000'),
(48, 'ORD-10041', 1, 20240901, 1, 13, 10,  0, 1, 89.99,  35.00,   0.00,  89.99,  35.00,  54.99, '2024-09-01', NULL,         NULL,         'Shipped',   'Online',      '2024-09-01T10:10:10.000'),
(49, 'ORD-10042', 1, 20240901, 10, 19, 3,  0, 1, 89.99,  35.00,   0.00,  89.99,  35.00,  54.99, '2024-09-01', '2024-09-02', NULL,         'Shipped',   'Credit Card', '2024-09-01T13:25:00.000'),
(50, 'ORD-10043', 1, 20240901, 5,  1,  4,  0, 1, 999.99, 650.00,  0.00, 999.99, 650.00, 349.99, '2024-09-01', NULL,         NULL,         'Shipped',   'Debit',       '2024-09-01T17:00:30.000');

-- ============================================================================
-- FactInventory (40 rows — daily snapshots for selected dates)
-- ============================================================================
INSERT INTO FactInventory (InventoryKey, DateKey, ProductKey, StoreKey, QuantityOnHand, QuantityOnOrder, ReorderPoint, SafetyStockLevel, DaysOfSupply, SnapshotDate, CreatedAt)
VALUES
-- 2023-01-01 snapshots
(1,  20230101, 1,  1,  45,  0,  20, 10, 30.0, '2023-01-01', '2023-01-01T00:00:00.000'),
(2,  20230101, 2,  1,  38,  0,  15, 10, 25.5, '2023-01-01', '2023-01-01T00:00:00.000'),
(3,  20230101, 3, 10, 200,  0,  50, 25, 45.0, '2023-01-01', '2023-01-01T00:00:00.000'),
(4,  20230101, 6,  4, 120,  0,  30, 15, 40.0, '2023-01-01', '2023-01-01T00:00:00.000'),
(5,  20230101, 9,  5,  85,  0,  25, 10, 35.0, '2023-01-01', '2023-01-01T00:00:00.000'),
-- 2023-04-01 snapshots
(6,  20230401, 1,  1,  30, 20,  20, 10, 20.0, '2023-04-01', '2023-04-01T00:00:00.000'),
(7,  20230401, 3, 10, 150, 50,  50, 25, 30.0, '2023-04-01', '2023-04-01T00:00:00.000'),
(8,  20230401, 9,  5,  60, 30,  25, 10, 25.0, '2023-04-01', '2023-04-01T00:00:00.000'),
(9,  20230401, 12, 10,  22,  0,  10,  5, 15.0, '2023-04-01', '2023-04-01T00:00:00.000'),
(10, 20230401, 14,  3,  95,  0,  40, 20, 20.0, '2023-04-01', '2023-04-01T00:00:00.000'),
-- 2023-07-04 snapshots
(11, 20230704, 1,  1,  18, 30,  20, 10, 12.0, '2023-07-04', '2023-07-04T00:00:00.000'),
(12, 20230704, 2, 10,  42,  0,  15, 10, 28.0, '2023-07-04', '2023-07-04T00:00:00.000'),
(13, 20230704, 3, 10, 110, 60,  50, 25, 22.0, '2023-07-04', '2023-07-04T00:00:00.000'),
(14, 20230704, 8,  3,  55,  0,  20, 10, 30.0, '2023-07-04', '2023-07-04T00:00:00.000'),
(15, 20230704, 13,10,  72,  0,  30, 15, 24.0, '2023-07-04', '2023-07-04T00:00:00.000'),
-- 2023-10-15 snapshots
(16, 20231015, 1,  1,  25, 25,  20, 10, 16.5, '2023-10-15', '2023-10-15T00:00:00.000'),
(17, 20231015, 4, 10,  15,  0,  10,  5, 10.0, '2023-10-15', '2023-10-15T00:00:00.000'),
(18, 20231015, 6,  6,  80,  0,  30, 15, 26.5, '2023-10-15', '2023-10-15T00:00:00.000'),
(19, 20231015, 14, 7,  40, 50,  40, 20,  8.0, '2023-10-15', '2023-10-15T00:00:00.000'),
(20, 20231015, 18,10,  60,  0,  20, 10, 35.0, '2023-10-15', '2023-10-15T00:00:00.000'),
-- 2023-11-24 snapshots (Black Friday)
(21, 20231124, 1,  1,  10, 40,  20, 10,  5.0, '2023-11-24', '2023-11-24T00:00:00.000'),
(22, 20231124, 2, 10,   8, 50,  15, 10,  3.5, '2023-11-24', '2023-11-24T00:00:00.000'),
(23, 20231124, 3, 10,  35, 80,  50, 25,  7.0, '2023-11-24', '2023-11-24T00:00:00.000'),
(24, 20231124, 4,  1,   5, 20,  10,  5,  2.0, '2023-11-24', '2023-11-24T00:00:00.000'),
(25, 20231124, 8,  4,  28,  0,  20, 10, 14.0, '2023-11-24', '2023-11-24T00:00:00.000'),
-- 2024-01-01 snapshots
(26, 20240101, 1,  1,  50,  0,  20, 10, 33.0, '2024-01-01', '2024-01-01T00:00:00.000'),
(27, 20240101, 1, 10,  60,  0,  20, 10, 40.0, '2024-01-01', '2024-01-01T00:00:00.000'),
(28, 20240101, 3, 10, 180,  0,  50, 25, 36.0, '2024-01-01', '2024-01-01T00:00:00.000'),
(29, 20240101, 15, 5,  90,  0,  25, 10, 38.0, '2024-01-01', '2024-01-01T00:00:00.000'),
(30, 20240101, 12,10,  18, 15,  10,  5, 12.0, '2024-01-01', '2024-01-01T00:00:00.000'),
-- 2024-04-15 snapshots
(31, 20240415, 1, 10,  35, 20,  20, 10, 23.0, '2024-04-15', '2024-04-15T00:00:00.000'),
(32, 20240415, 7,  2,  65,  0,  30, 15, 22.0, '2024-04-15', '2024-04-15T00:00:00.000'),
(33, 20240415, 12,10,  12, 20,  10,  5,  8.0, '2024-04-15', '2024-04-15T00:00:00.000'),
(34, 20240415, 16,12,  45,  0,  20, 10, 30.0, '2024-04-15', '2024-04-15T00:00:00.000'),
(35, 20240415, 19, 3,  30,  0,  15, 10, 20.0, '2024-04-15', '2024-04-15T00:00:00.000'),
-- 2024-07-04 snapshots
(36, 20240704, 1,  4,  22, 30,  20, 10, 14.5, '2024-07-04', '2024-07-04T00:00:00.000'),
(37, 20240704, 2, 10,  28, 25,  15, 10, 18.5, '2024-07-04', '2024-07-04T00:00:00.000'),
(38, 20240704, 5,  4,  70,  0,  30, 15, 23.0, '2024-07-04', '2024-07-04T00:00:00.000'),
(39, 20240704, 14, 3, 110,  0,  40, 20, 28.0, '2024-07-04', '2024-07-04T00:00:00.000'),
(40, 20240704, 13,10,  50, 30,  30, 15, 16.5, '2024-07-04', '2024-07-04T00:00:00.000');
